feature_2,feature_3,feature_5,feature_7,feature_10,feature_13,feature_14,target,feature_1_1,feature_4_2,feature_4_3,feature_6_2,feature_6_3,feature_6_4,feature_6_5,feature_6_7,feature_6_8,feature_6_9,feature_8_1,feature_9_1,feature_11_1,feature_12_2,feature_12_3
22.08,11.46,4,1.585,0,100,1213,0,True,True,False,False,False,True,False,False,False,False,False,False,True,True,False
22.67,7.0,8,0.165,0,160,1,0,False,True,False,False,False,True,False,False,False,False,False,False,False,True,False
29.58,1.75,4,1.25,0,280,1,0,False,False,False,False,False,True,False,False,False,False,False,False,True,True,False
21.67,11.5,5,0.0,11,0,1,1,False,False,False,False,True,False,False,False,False,False,True,True,True,True,False
20.17,8.17,6,1.96,14,60,159,1,True,True,False,False,False,True,False,False,False,False,True,True,False,True,False
15.83,0.585,8,1.5,2,100,1,1,False,True,False,False,False,False,False,False,True,False,True,True,False,True,False
17.42,6.5,3,0.125,0,60,101,0,True,True,False,False,False,True,False,False,False,False,False,False,False,True,False
58.67,4.46,11,3.04,6,43,561,1,False,True,False,False,False,False,False,False,True,False,True,True,False,True,False
27.83,1.0,2,3.0,0,176,538,0,True,False,False,False,False,False,False,False,True,False,False,False,False,True,False
55.75,7.08,4,6.75,3,100,51,0,False,True,False,False,False,False,False,False,True,False,True,True,True,True,False
33.5,1.75,14,4.5,4,253,858,1,True,True,False,False,False,False,False,False,True,False,True,True,True,True,False
41.42,5.0,11,5.0,6,470,1,1,True,True,False,False,False,False,False,False,True,False,True,True,True,True,False
20.67,1.25,8,1.375,3,140,211,0,True,False,False,False,False,False,False,False,True,False,True,True,True,True,False
34.92,5.0,14,7.5,6,0,1001,1,True,True,False,False,False,False,False,False,True,False,True,True,True,True,False
58.58,2.71,8,2.415,0,320,1,0,True,True,False,False,False,True,False,False,False,False,False,False,True,True,False
48.08,6.04,4,0.04,0,0,2691,1,True,True,False,False,False,True,False,False,False,False,False,False,False,True,False
29.58,4.5,9,7.5,2,330,1,1,True,True,False,False,False,True,False,False,False,False,True,True,True,True,False
18.92,9.0,6,0.75,2,88,592,1,False,True,False,False,False,True,False,False,False,False,True,True,False,True,False
20.0,1.25,4,0.125,0,140,5,0,True,False,False,False,False,True,False,False,False,False,False,False,False,True,False
22.42,5.665,11,2.585,7,129,3258,1,False,True,False,False,False,True,False,False,False,False,True,True,False,True,False
28.17,0.585,6,0.04,0,260,1005,0,False,True,False,False,False,True,False,False,False,False,False,False,False,True,False
19.17,0.585,6,0.585,0,160,1,0,False,False,False,False,False,True,False,False,False,False,True,False,True,True,False
41.17,1.335,2,0.165,0,168,1,0,True,True,False,False,False,True,False,False,False,False,False,False,False,True,False
41.58,1.75,4,0.21,0,160,1,0,True,True,False,False,False,True,False,False,False,False,True,False,False,True,False
19.5,9.585,6,0.79,0,80,351,0,True,True,False,False,False,True,False,False,False,False,False,False,False,True,False
32.75,1.5,13,5.5,3,0,1,1,True,True,False,False,False,False,False,False,True,False,True,True,True,True,False
22.5,0.125,4,0.125,0,200,71,0,True,False,False,False,False,True,False,False,False,False,False,False,False,True,False
33.17,3.04,8,2.04,1,180,18028,1,True,False,False,False,False,False,False,False,True,False,True,True,True,True,False
30.67,12.0,8,2.0,1,220,20,1,False,True,False,False,False,True,False,False,False,False,True,True,False,True,False
23.08,2.5,8,1.085,11,60,2185,1,True,True,False,False,False,True,False,False,False,False,True,True,True,True,False
27.0,0.75,8,4.25,3,312,151,1,True,True,False,False,False,False,False,False,True,False,True,True,True,True,False
20.42,10.5,14,0.0,0,154,33,0,False,False,False,False,False,False,False,False,True,False,False,False,True,True,False
52.33,1.375,8,9.46,0,200,101,0,True,False,False,False,False,False,False,False,True,False,True,False,True,True,False
23.08,11.5,9,2.125,11,290,285,1,True,True,False,False,False,False,False,False,True,False,True,True,True,True,False
42.83,1.25,7,13.875,1,352,113,0,True,True,False,False,False,True,False,False,False,False,False,True,True,True,False
74.83,19.0,1,0.04,2,0,352,0,True,False,False,False,False,False,False,False,False,False,False,True,False,True,False
25.0,12.5,6,3.0,0,20,1,1,True,True,False,False,False,True,False,False,False,False,True,False,True,False,False
39.58,13.915,9,8.625,6,70,1,1,True,True,False,False,False,True,False,False,False,False,True,True,True,True,False
47.75,8.0,8,7.875,6,0,1261,1,False,True,False,False,False,True,False,False,False,False,True,True,True,True,False
47.42,3.0,14,13.875,2,519,1705,1,False,True,False,False,False,True,False,False,False,False,True,True,True,True,False
23.17,0.0,13,0.085,0,0,1,1,True,True,False,False,False,True,False,False,False,False,True,False,False,True,False
22.58,1.5,6,0.54,0,120,68,0,True,False,False,False,False,True,False,False,False,False,False,False,True,True,False
26.75,1.125,14,1.25,0,0,5299,1,True,True,False,False,False,False,False,False,True,False,True,False,False,True,False
63.33,0.54,8,0.585,3,180,1,0,True,True,False,False,False,True,False,False,False,False,True,True,True,True,False
23.75,0.415,8,0.04,2,128,7,0,True,False,False,False,False,True,False,False,False,False,False,True,False,True,False
20.75,10.25,11,0.71,2,49,1,1,False,True,False,False,False,True,False,False,False,False,True,True,True,True,False
24.5,1.75,8,0.165,0,132,1,0,False,False,False,False,False,True,False,False,False,False,False,False,False,True,False
16.17,0.04,8,0.04,0,0,1,1,True,True,False,False,False,True,False,False,False,False,False,False,False,True,False
29.5,2.0,10,2.0,0,256,18,0,False,False,False,False,False,False,False,False,True,False,False,False,False,True,False
52.83,15.0,8,5.5,14,0,2201,1,False,True,False,False,False,True,False,False,False,False,True,True,False,True,False
32.33,3.5,4,0.5,0,232,1,0,True,True,False,False,False,True,False,False,False,False,False,False,True,True,False
21.08,4.125,3,0.04,0,140,101,0,True,False,False,False,False,False,False,False,True,False,False,False,False,True,False
28.17,0.125,4,0.085,0,216,2101,0,True,False,False,False,False,True,False,False,False,False,False,False,False,True,False
19.0,1.75,8,2.335,0,112,7,0,True,False,False,False,False,True,False,False,False,False,False,False,True,True,False
27.58,3.25,11,5.085,2,369,2,0,True,False,False,False,False,False,False,False,True,False,False,True,True,True,False
27.83,1.5,9,2.0,11,434,36,1,True,True,False,False,False,True,False,False,False,False,True,True,True,True,False
40.0,6.5,6,3.5,1,0,501,1,True,True,False,False,False,False,True,False,False,False,True,True,False,True,False
37.33,2.5,3,0.21,0,260,247,0,False,True,False,False,False,False,False,False,True,False,False,False,False,True,False
42.5,4.915,9,3.165,0,52,1443,1,True,False,False,False,False,True,False,False,False,False,True,False,True,True,False
56.75,12.25,7,1.25,4,200,1,1,True,True,False,False,False,True,False,False,False,False,True,True,True,True,False
43.17,5.0,3,2.25,0,141,1,0,True,True,False,False,False,False,True,False,False,False,False,False,True,True,False
23.75,0.71,9,0.25,1,240,5,0,False,True,False,False,False,True,False,False,False,False,False,True,True,True,False
18.5,2.0,3,1.5,2,120,301,1,True,True,False,False,False,True,False,False,False,False,True,True,False,True,False
40.83,3.5,3,0.5,0,1160,1,0,False,True,False,False,False,False,True,False,False,False,False,False,False,False,False
24.5,0.5,11,1.5,0,280,825,1,False,True,False,False,False,False,False,False,True,False,True,False,False,True,False
42.0,9.79,14,7.96,8,0,1,1,True,True,False,False,False,False,False,False,True,False,True,True,False,True,False
19.5,0.165,11,0.04,0,380,1,0,False,True,False,False,False,True,False,False,False,False,False,False,True,True,False
21.5,11.5,3,0.5,0,100,69,0,True,True,False,False,False,True,False,False,False,False,True,False,True,True,False
31.25,2.835,1,0.0,5,176,147,0,True,True,False,False,False,False,False,False,False,False,False,True,False,True,False
27.25,1.585,13,1.835,12,583,714,1,True,True,False,False,False,False,False,False,True,False,True,True,True,True,False
48.75,26.335,1,0.0,0,0,1,0,True,False,False,False,False,False,False,False,False,False,True,False,True,True,False
30.42,1.375,9,0.04,3,0,34,0,False,True,False,False,False,False,False,False,True,False,False,True,False,True,False
29.42,1.25,9,1.75,0,200,1,0,True,True,False,False,False,True,False,False,False,False,False,False,False,True,False
28.25,5.04,8,1.5,8,144,8,1,True,False,False,False,False,False,True,False,False,False,True,True,True,True,False
40.25,21.5,10,20.0,11,0,1201,1,True,True,False,False,False,False,False,False,False,True,True,True,False,True,False
36.5,4.25,11,3.5,0,454,51,0,True,True,False,False,False,True,False,False,False,False,False,False,False,True,False
25.58,0.335,4,3.5,0,340,1,0,True,True,False,False,False,False,False,False,True,False,False,False,True,True,False
29.83,3.5,8,0.165,0,216,1,0,True,True,False,False,False,True,False,False,False,False,False,False,False,True,False
23.08,0.0,4,1.0,11,0,1,0,True,True,False,False,False,True,False,False,False,False,False,True,False,False,False
32.17,1.46,9,1.085,16,120,2080,1,False,True,False,False,False,True,False,False,False,False,True,True,False,True,False
25.17,3.5,13,0.625,7,0,7060,1,True,True,False,False,False,True,False,False,False,False,True,True,False,True,False
35.17,3.75,1,0.0,6,0,201,0,False,True,False,False,False,False,False,False,False,False,False,True,False,True,False
18.58,10.0,2,0.415,0,80,43,0,False,True,False,False,False,True,False,False,False,False,False,False,False,True,False
39.92,5.0,3,0.21,0,550,1,0,True,True,False,False,False,False,True,False,False,False,False,False,False,True,False
23.42,1.0,8,0.5,0,280,1,0,True,True,False,False,False,True,False,False,False,False,False,False,True,False,False
37.58,0.0,8,0.0,0,184,1,1,True,True,False,False,False,True,False,False,False,False,False,False,False,False,True
24.75,13.665,11,1.5,0,280,2,0,False,True,False,False,False,False,False,False,True,False,False,False,False,True,False
47.0,13.0,3,5.165,9,0,1,1,False,True,False,False,False,False,True,False,False,False,True,True,True,True,False
34.17,5.25,9,0.085,0,290,7,1,True,True,False,False,False,True,False,False,False,False,False,False,True,True,False
22.17,0.585,1,0.0,0,100,1,0,True,False,False,False,False,False,False,False,False,False,False,False,False,True,False
27.75,1.29,4,0.25,0,140,1,0,True,True,False,False,False,False,False,False,True,False,False,False,True,False,False
42.75,4.085,6,0.04,0,108,101,0,True,True,False,False,False,True,False,False,False,False,False,False,False,True,False
28.67,14.5,2,0.125,0,0,287,0,True,True,False,False,False,True,False,False,False,False,False,False,False,True,False
36.25,5.0,8,2.5,6,0,368,1,True,True,False,False,False,False,True,False,False,False,True,True,False,True,False
18.17,10.0,11,0.165,0,340,1,0,False,False,False,False,False,False,False,False,True,False,False,False,False,True,False
21.25,1.5,9,1.5,0,150,9,1,True,True,False,False,False,True,False,False,False,False,False,False,False,True,False
38.92,1.665,6,0.25,0,0,391,0,False,True,False,False,False,True,False,False,False,False,False,False,False,True,False
31.83,0.04,7,0.04,0,0,1,0,True,False,False,False,False,True,False,False,False,False,False,False,False,True,False
17.33,9.5,6,1.75,10,0,11,0,False,True,False,False,False,True,False,False,False,False,False,True,True,True,False
20.42,0.835,11,1.585,1,0,1,1,False,True,False,False,False,True,False,False,False,False,True,True,False,True,False
39.08,4.0,8,3.0,0,480,1,0,False,True,False,False,False,True,False,False,False,False,False,False,False,True,False
38.67,0.21,4,0.085,0,280,1,1,True,True,False,False,False,True,False,False,False,False,True,False,True,True,False
27.67,13.75,9,5.75,0,487,501,1,True,True,False,False,False,True,False,False,False,False,True,False,True,True,False
27.75,0.585,13,0.25,2,260,501,1,True,False,False,False,False,True,False,False,False,False,True,True,False,True,False
19.0,0.0,1,0.0,4,45,2,0,True,False,False,False,False,False,False,False,False,False,False,True,False,True,False
25.0,0.875,14,1.04,0,160,5861,1,False,True,False,False,False,False,False,False,True,False,True,False,True,True,False
27.67,2.0,14,1.0,4,140,7545,1,True,True,False,False,False,False,False,False,True,False,True,True,False,True,False
22.25,9.0,6,0.085,0,0,1,0,True,True,False,False,False,True,False,False,False,False,False,False,False,True,False
49.83,13.585,4,8.5,0,0,1,1,False,True,False,False,False,False,False,False,True,False,True,False,True,True,False
32.33,2.5,8,1.25,0,280,1,0,True,True,False,False,False,True,False,False,False,False,False,False,True,True,False
38.25,10.125,4,0.125,0,160,1,0,True,False,False,False,False,True,False,False,False,False,False,False,False,True,False
47.33,6.5,8,1.0,0,0,229,0,True,True,False,False,False,True,False,False,False,False,False,False,True,True,False
27.83,4.0,3,5.75,2,75,1,0,True,False,False,False,False,False,False,False,True,False,True,True,True,True,False
35.75,0.915,6,0.75,4,0,1584,1,False,True,False,False,False,True,False,False,False,False,True,True,False,True,False
33.58,0.25,3,4.0,0,420,1,0,True,True,False,False,False,False,True,False,False,False,False,False,True,False,False
34.08,0.08,7,0.04,1,280,2001,1,True,False,False,False,False,False,True,False,False,False,True,True,True,True,False
20.75,10.335,13,0.335,1,80,51,1,False,True,False,False,False,False,False,False,True,False,True,True,True,True,False
33.17,1.0,14,0.75,7,340,4072,1,True,True,False,False,False,True,False,False,False,False,True,True,True,True,False
22.75,11.0,11,2.5,7,100,810,1,True,True,False,False,False,True,False,False,False,False,True,True,True,True,False
48.75,8.5,8,12.5,9,181,1656,1,True,True,False,False,False,False,False,False,True,False,True,True,False,True,False
40.58,5.0,8,5.0,7,0,3066,1,True,True,False,False,False,True,False,False,False,False,True,True,False,True,False
20.67,0.835,8,2.0,0,240,1,0,True,False,False,False,False,True,False,False,False,False,False,False,True,False,False
38.75,1.5,1,0.0,0,76,1,0,False,True,False,False,False,False,False,False,False,False,False,False,False,True,False
57.08,19.5,8,5.5,7,0,3001,1,False,True,False,False,False,True,False,False,False,False,True,True,False,True,False
31.25,3.75,13,0.625,9,181,1,1,False,True,False,False,False,False,False,False,True,False,True,True,True,True,False
22.0,0.79,9,0.29,1,420,284,0,True,True,False,False,False,True,False,False,False,False,False,True,False,True,False
58.33,10.0,11,4.0,14,0,1603,1,False,True,False,False,False,True,False,False,False,False,True,True,False,True,False
28.92,0.375,8,0.29,0,220,141,0,True,True,False,False,False,True,False,False,False,False,False,False,False,True,False
46.0,4.0,5,0.0,0,100,961,1,False,True,False,False,True,False,False,False,False,False,True,False,False,True,False
21.0,3.0,2,1.085,8,160,2,1,True,False,False,False,False,True,False,False,False,False,True,True,True,True,False
24.75,12.5,6,1.5,12,120,568,1,False,True,False,False,False,True,False,False,False,False,True,True,True,True,False
20.83,0.5,10,1.0,0,260,1,0,False,False,False,True,False,False,False,False,False,False,False,False,False,True,False
24.58,13.5,1,0.0,0,184,1,0,True,False,False,False,False,False,False,False,False,False,False,False,False,True,False
26.5,2.71,8,0.085,0,80,1,0,False,False,False,False,False,True,False,False,False,False,False,False,False,False,False
40.92,0.835,1,0.0,0,130,2,0,True,True,False,False,False,False,False,False,False,False,True,False,False,True,False
38.33,4.415,8,0.125,0,160,1,0,False,True,False,False,False,True,False,False,False,False,False,False,False,True,False
19.58,0.585,1,0.0,3,350,770,0,True,True,False,False,False,False,False,False,False,False,False,True,False,True,False
39.25,9.5,7,6.5,14,240,4608,1,True,True,False,False,False,True,False,False,False,False,True,True,False,True,False
25.75,0.5,8,1.46,5,312,1,1,True,True,False,False,False,True,False,False,False,False,True,True,True,True,False
46.08,3.0,8,2.375,8,396,4160,1,False,True,False,False,False,True,False,False,False,False,True,True,True,True,False
19.67,10.0,4,0.835,0,140,1,0,True,False,False,False,False,False,False,False,True,False,True,False,True,True,False
22.25,1.25,1,3.25,0,280,1,0,False,False,False,False,False,False,False,False,False,False,False,False,False,True,False
18.83,3.54,1,0.0,0,180,2,0,True,False,False,False,False,False,False,False,False,False,False,False,True,True,False
64.08,20.0,14,17.5,9,0,1001,1,True,True,False,False,False,False,False,False,True,False,True,True,True,True,False
16.5,1.25,11,0.25,1,108,99,0,False,True,False,False,False,True,False,False,False,False,False,True,False,True,False
68.67,15.0,10,0.0,14,0,3377,1,False,True,False,False,False,False,False,False,False,True,True,True,False,True,False
76.75,22.29,10,12.75,1,0,110,1,True,True,False,False,False,False,False,False,False,True,True,True,True,True,False
15.92,2.875,11,0.085,0,120,1,0,False,True,False,False,False,True,False,False,False,False,False,False,False,True,False
34.83,4.0,2,12.5,0,184,1,0,True,True,False,False,False,False,True,False,False,False,True,False,True,True,False
47.42,8.0,10,6.5,6,375,51101,1,False,True,False,False,False,False,True,False,False,False,True,True,False,True,False
23.17,0.0,8,0.0,0,184,1,1,True,True,False,False,False,True,False,False,False,False,False,False,False,False,True
45.17,1.5,8,2.5,0,140,1,0,True,True,False,False,False,True,False,False,False,False,True,False,True,True,False
15.17,7.0,10,1.0,0,600,1,0,True,True,False,False,False,True,False,False,False,False,False,False,False,True,False
18.83,0.415,8,0.165,1,200,2,0,True,False,False,False,False,True,False,False,False,False,False,True,False,True,False
52.5,6.5,4,6.29,15,0,11203,1,True,True,False,False,False,True,False,False,False,False,True,True,False,True,False
19.17,0.0,7,0.0,0,500,2,1,True,False,False,False,False,False,True,False,False,False,False,False,True,False,False
18.0,0.165,11,0.21,0,200,41,1,True,True,False,False,False,False,False,True,False,False,False,False,False,True,False
37.5,0.835,10,0.04,0,120,6,0,True,True,False,False,False,True,False,False,False,False,False,False,False,True,False
22.67,1.585,9,3.085,6,80,1,1,True,False,False,False,False,True,False,False,False,False,True,True,False,True,False
47.83,4.165,14,0.085,0,520,1,0,True,True,False,False,False,False,True,False,False,False,False,False,True,True,False
34.08,2.5,8,1.0,0,460,17,0,True,True,False,False,False,True,False,False,False,False,False,False,False,True,False
33.08,1.625,2,0.54,0,0,1,0,False,True,False,False,False,True,False,False,False,False,False,False,True,True,False
43.08,0.375,8,0.375,8,300,163,1,True,False,False,False,False,True,False,False,False,False,True,True,True,True,False
34.5,4.04,3,8.5,7,195,1,1,True,False,False,False,False,False,True,False,False,False,True,True,True,True,False
42.75,3.0,3,1.0,0,0,201,0,True,True,False,False,False,False,True,False,False,False,True,False,False,True,False
18.25,0.165,2,0.25,0,280,1,0,True,True,False,False,False,True,False,False,False,False,False,False,True,False,False
23.08,2.5,1,0.085,0,100,4209,0,True,True,False,False,False,False,False,False,False,False,False,False,True,True,False
22.5,8.46,14,2.46,0,164,1,1,False,False,False,False,False,True,False,False,False,False,False,False,False,True,False
17.92,0.205,6,0.04,0,280,751,0,True,True,False,False,False,True,False,False,False,False,False,False,False,True,False
18.42,10.415,6,0.125,0,120,376,0,True,False,False,False,False,True,False,False,False,False,True,False,False,True,False
27.67,1.5,7,2.0,0,368,1,0,False,True,False,False,False,True,False,False,False,False,True,False,False,False,False
18.92,9.25,8,1.0,4,80,501,1,False,False,False,False,False,True,False,False,False,False,True,True,True,True,False
22.67,0.75,3,1.585,1,400,10,0,True,True,False,False,False,True,False,False,False,False,False,True,True,True,False
62.5,12.75,8,5.0,0,112,1,0,True,False,False,False,False,False,False,False,True,False,True,False,False,True,False
23.5,9.0,11,8.5,5,120,1,1,False,True,False,False,False,True,False,False,False,False,True,True,True,True,False
35.25,3.165,14,3.75,0,680,1,0,True,True,False,False,False,False,False,False,True,False,True,False,True,True,False
56.83,4.25,1,5.0,0,0,5,0,False,False,False,False,False,False,False,False,False,False,False,False,True,True,False
53.33,0.165,1,0.0,0,62,28,0,False,True,False,False,False,False,False,False,False,False,False,False,True,False,False
41.17,4.04,13,7.0,8,320,1,1,True,True,False,False,False,False,False,False,True,False,True,True,False,True,False
42.17,5.04,11,12.75,0,92,1,1,True,True,False,False,False,False,False,False,True,False,True,False,True,True,False
41.17,1.25,9,0.25,0,0,196,0,True,False,False,False,False,True,False,False,False,False,False,False,False,True,False
33.75,0.75,4,1.0,3,212,1,0,False,True,False,False,False,False,True,False,False,False,True,True,True,True,False
25.67,12.5,13,1.21,67,140,259,1,True,True,False,False,False,True,False,False,False,False,True,True,True,True,False
24.33,6.625,2,5.5,0,100,1,1,True,False,False,False,False,True,False,False,False,False,True,False,True,False,False
23.33,11.625,9,0.835,0,160,301,1,True,False,False,False,False,True,False,False,False,False,True,False,True,True,False
30.67,2.5,13,2.25,0,340,1,0,True,True,False,False,False,False,False,False,True,False,False,False,True,False,False
37.17,4.0,8,5.0,0,280,1,0,True,True,False,False,False,False,True,False,False,False,True,False,True,False,False
26.25,1.54,9,0.125,0,100,1,0,True,True,False,False,False,True,False,False,False,False,False,False,False,True,False
29.75,0.665,9,0.25,0,300,1,0,False,True,False,False,False,True,False,False,False,False,False,False,True,True,False
23.0,1.835,5,0.0,1,200,54,0,False,True,False,False,True,False,False,False,False,False,False,True,False,True,False
17.25,3.0,4,0.04,0,160,41,0,True,True,False,False,False,True,False,False,False,False,False,False,True,True,False
29.25,14.79,6,5.04,5,168,1,1,True,True,False,False,False,True,False,False,False,False,True,True,True,True,False
28.58,3.54,3,0.5,0,171,1,0,False,True,False,False,False,False,True,False,False,False,True,False,True,True,False
34.58,0.0,8,0.0,0,184,1,0,True,True,False,False,False,True,False,False,False,False,False,False,False,False,True
23.42,0.585,8,0.085,0,180,1,0,True,True,False,False,False,False,False,False,True,False,True,False,False,True,False
25.0,11.25,8,2.5,17,200,1209,1,True,True,False,False,False,True,False,False,False,False,True,True,False,True,False
18.75,7.5,11,2.71,5,184,26727,1,False,True,False,False,False,True,False,False,False,False,True,True,False,True,False
17.08,0.25,11,0.335,4,160,9,0,True,True,False,False,False,True,False,False,False,False,False,True,False,True,False
16.08,0.335,1,0.0,1,160,127,0,False,True,False,False,False,False,False,False,False,False,False,True,False,True,False
32.92,2.5,6,1.75,2,720,1,0,True,True,False,False,False,True,False,False,False,False,False,True,True,True,False
20.33,10.0,8,1.0,4,50,1466,1,False,True,False,False,False,False,False,False,True,False,True,True,False,True,False
21.75,1.75,5,0.0,0,160,1,0,False,False,False,False,True,False,False,False,False,False,False,False,False,True,False
33.17,1.04,12,6.5,0,164,31286,1,True,True,False,False,False,False,False,False,True,False,True,False,True,True,False
25.33,2.085,8,2.75,0,360,2,0,False,True,False,False,False,False,False,False,True,False,True,False,True,True,False
24.75,3.0,11,1.835,19,0,501,1,False,True,False,False,False,False,False,False,True,False,True,True,False,True,False
30.83,0.0,9,1.25,1,202,1,1,True,True,False,False,False,True,False,False,False,False,True,True,False,True,False
20.75,5.085,5,0.29,0,140,185,0,True,False,False,False,False,True,False,False,False,False,False,False,False,True,False
40.33,8.125,4,0.165,2,184,19,0,False,False,False,False,False,True,False,False,False,False,False,True,False,True,False
29.42,1.25,8,0.25,2,400,109,0,True,True,False,False,False,False,False,False,True,False,False,True,True,True,False
40.92,0.5,7,0.5,0,130,1,0,True,False,False,False,False,True,False,False,False,False,False,False,True,True,False
29.5,0.46,4,0.54,4,380,501,1,False,True,False,False,False,True,False,False,False,False,True,True,False,True,False
54.42,0.5,4,3.96,0,180,315,1,True,False,False,False,False,False,False,False,True,False,True,False,False,True,False
34.0,5.5,8,1.5,0,60,1,0,True,False,False,False,False,True,False,False,False,False,False,False,True,True,False
25.0,12.0,4,2.25,2,120,6,0,True,True,False,False,False,True,False,False,False,False,True,True,True,True,False
26.58,2.54,1,0.0,0,180,61,0,False,False,False,False,False,False,False,False,False,False,False,False,True,True,False
33.08,4.625,11,1.625,2,0,1,1,False,True,False,False,False,False,False,False,True,False,True,True,False,True,False
33.67,2.165,8,1.5,0,120,1,0,True,True,False,False,False,True,False,False,False,False,False,False,False,False,True
36.17,5.5,3,5.0,0,210,688,0,True,True,False,False,False,False,True,False,False,False,False,False,False,True,False
19.5,0.29,4,0.29,0,280,365,0,True,True,False,False,False,True,False,False,False,False,False,False,False,True,False
24.17,0.875,11,4.625,2,520,2001,1,True,True,False,False,False,True,False,False,False,False,True,True,True,True,False
30.5,6.5,8,4.0,7,0,3066,1,False,True,False,False,False,False,True,False,False,False,True,True,True,True,False
20.0,7.0,8,0.5,0,0,1,0,True,True,False,False,False,True,False,False,False,False,False,False,False,True,False
25.33,0.58,8,0.29,7,96,5125,1,True,True,False,False,False,True,False,False,False,False,True,True,True,True,False
29.58,4.75,7,2.0,1,460,69,0,True,True,False,False,False,True,False,False,False,False,False,True,True,True,False
43.17,2.25,3,0.75,0,560,1,0,True,True,False,False,False,False,True,False,False,False,True,False,False,True,False
28.75,1.165,4,0.5,0,280,1,0,True,True,False,False,False,True,False,False,False,False,True,False,False,False,False
31.57,3.0,3,7.0,0,0,2,0,True,False,False,False,False,False,True,False,False,False,False,False,False,True,False
20.25,9.96,10,0.0,0,0,1,1,True,True,False,True,False,False,False,False,False,False,True,False,False,True,False
45.0,8.5,13,14.0,1,88,2001,1,True,True,False,False,False,False,False,False,True,False,True,True,True,True,False
22.83,2.29,11,2.29,7,140,2385,1,False,True,False,False,False,False,False,False,True,False,True,True,True,True,False
20.67,3.0,11,0.165,3,100,7,1,False,True,False,False,False,True,False,False,False,False,True,True,False,True,False
27.83,1.5,9,2.25,1,100,4,0,True,True,False,False,False,True,False,False,False,False,False,True,True,True,False
40.92,2.25,14,10.0,0,176,1,0,True,False,False,False,False,False,False,False,True,False,True,False,True,True,False
56.42,28.0,8,28.5,40,0,16,1,True,False,False,False,False,True,False,False,False,False,True,True,False,True,False
64.08,0.165,1,0.0,1,232,101,1,False,True,False,False,False,False,False,False,False,False,True,True,False,True,False
22.42,11.25,14,0.75,4,0,322,1,False,False,False,False,False,False,False,False,True,False,True,True,False,True,False
24.33,2.5,3,4.5,0,200,457,0,False,False,False,False,False,False,True,False,False,False,False,False,False,True,False
69.5,6.0,1,0.0,0,0,1,0,False,True,False,False,False,False,False,False,False,False,False,False,False,False,False
35.58,0.75,4,1.5,0,231,1,0,True,True,False,False,False,True,False,False,False,False,False,False,True,True,False
48.33,12.0,7,16.0,0,110,1,1,True,True,False,False,False,True,False,False,False,False,True,False,False,False,False
28.08,15.0,10,0.0,0,0,13213,1,False,False,False,False,False,False,False,False,False,True,True,False,False,True,False
35.17,2.5,4,4.5,7,150,1271,1,True,True,False,False,False,True,False,False,False,False,True,True,False,True,False
49.5,7.585,3,7.585,15,0,5001,1,True,True,False,False,False,False,True,False,False,False,True,True,True,True,False
80.25,5.5,8,0.54,0,0,341,0,True,True,False,False,False,True,False,False,False,False,True,False,False,True,False
29.25,13.0,2,0.5,0,228,1,0,True,True,False,False,False,False,False,False,True,False,False,False,False,True,False
16.92,0.5,3,0.165,6,240,36,0,False,True,False,False,False,True,False,False,False,False,False,True,True,True,False
16.0,0.165,6,1.0,2,320,2,0,False,True,False,False,False,True,False,False,False,False,False,True,True,True,False
60.08,14.5,1,18.0,15,0,1001,1,True,True,False,False,False,False,False,False,False,False,True,True,True,True,False
28.0,2.0,4,4.165,2,181,1,1,True,True,False,False,False,False,False,False,True,False,True,True,True,True,False
41.5,1.54,3,3.5,0,216,1,1,True,True,False,False,False,False,True,False,False,False,False,False,False,True,False
24.08,9.0,6,0.25,0,0,1,0,True,True,False,False,False,True,False,False,False,False,False,False,True,True,False
24.5,13.335,6,0.04,0,120,476,0,True,False,False,False,False,True,False,False,False,False,False,False,True,True,False
34.75,15.0,12,5.375,9,0,135,1,True,True,False,False,False,False,False,True,False,False,True,True,True,True,False
33.67,1.25,9,1.165,0,120,1,0,True,True,False,False,False,True,False,False,False,False,False,False,False,True,False
40.83,10.0,11,1.75,0,29,838,1,False,True,False,False,False,False,False,False,True,False,True,False,False,True,False
20.42,1.835,8,2.25,1,100,151,1,True,True,False,False,False,True,False,False,False,False,True,True,False,True,False
37.5,1.125,2,1.5,0,431,1,1,True,False,False,False,False,True,False,False,False,False,False,False,True,True,False
48.5,4.25,7,0.125,0,225,1,1,True,True,False,False,False,True,False,False,False,False,True,False,True,True,False
23.0,0.75,7,0.5,0,320,1,0,True,True,False,False,False,True,False,False,False,False,False,False,True,False,False
35.0,3.375,8,8.29,0,0,1,0,True,True,False,False,False,False,False,False,True,False,False,False,True,True,False
16.33,2.75,6,0.665,1,80,22,0,True,True,False,False,False,True,False,False,False,False,False,True,False,True,False
22.67,10.5,11,1.335,0,100,1,1,True,True,False,False,False,False,False,False,True,False,True,False,False,True,False
21.75,11.75,8,0.25,0,180,1,0,False,True,False,False,False,True,False,False,False,False,False,False,True,True,False
25.08,2.54,6,0.25,0,370,1,1,False,False,False,False,False,True,False,False,False,False,True,False,True,True,False
36.33,2.125,9,0.085,1,50,1188,1,True,False,False,False,False,True,False,False,False,False,True,True,False,True,False
28.58,3.75,8,0.25,1,40,155,0,False,True,False,False,False,True,False,False,False,False,False,True,True,True,False
22.17,12.125,8,3.335,2,180,174,0,True,True,False,False,False,True,False,False,False,False,False,True,True,True,False
34.17,1.54,13,1.54,1,520,50001,1,True,True,False,False,False,True,False,False,False,False,True,True,True,True,False
35.0,2.5,3,1.0,0,210,1,0,True,True,False,False,False,True,False,False,False,False,False,False,True,True,False
28.58,3.625,6,0.25,0,100,1,0,True,True,False,False,False,True,False,False,False,False,False,False,True,True,False
19.17,5.415,3,0.29,0,80,485,0,False,True,False,False,False,False,False,False,True,False,False,False,False,True,False
23.25,1.0,8,0.835,0,300,1,1,True,True,False,False,False,True,False,False,False,False,True,False,False,False,False
16.5,0.125,8,0.165,0,132,1,0,True,True,False,False,False,True,False,False,False,False,False,False,False,True,False
20.08,0.125,11,1.0,1,240,769,1,False,True,False,False,False,True,False,False,False,False,False,True,False,True,False
22.33,11.0,9,2.0,1,80,279,1,True,True,False,False,False,True,False,False,False,False,True,True,False,True,False
34.0,5.085,3,1.085,0,480,1,0,True,False,False,False,False,False,True,False,False,False,False,False,True,True,False
57.08,0.335,3,1.0,0,252,2198,0,False,True,False,False,False,False,True,False,False,False,True,False,True,True,False
16.25,0.835,7,0.085,0,200,1,0,True,True,False,False,False,True,False,False,False,False,True,False,False,False,False
32.83,2.5,13,2.75,6,160,2073,1,True,True,False,False,False,False,False,False,True,False,True,True,False,True,False
48.25,25.085,9,1.75,3,120,15,1,True,True,False,False,False,True,False,False,False,False,True,True,False,True,False
34.17,2.75,3,2.5,0,232,201,0,True,True,False,False,False,False,True,False,False,False,False,False,True,True,False
18.33,1.21,10,0.0,0,100,1,0,True,False,False,True,False,False,False,False,False,False,False,False,False,True,False
44.25,0.5,7,10.75,0,400,1,0,True,True,False,False,False,True,False,False,False,False,True,False,False,False,False
38.92,1.75,4,0.5,0,300,3,0,True,True,False,False,False,True,False,False,False,False,False,False,True,True,False
31.58,0.75,6,3.5,0,320,1,0,True,False,False,False,False,True,False,False,False,False,False,False,True,True,False
25.08,1.71,14,1.665,1,395,21,1,True,True,False,False,False,True,False,False,False,False,True,True,True,True,False
65.42,11.0,10,20.0,7,22,1,1,True,True,False,False,False,False,False,False,False,True,True,True,True,True,False
41.33,0.0,8,15.0,0,0,1,1,True,True,False,False,False,False,True,False,False,False,True,False,False,True,False
31.25,1.125,1,0.0,1,96,20,0,True,True,False,False,False,False,False,False,False,False,False,True,False,True,False
36.75,4.71,1,0.0,0,160,1,0,False,True,False,False,False,False,False,False,False,False,False,False,False,True,False
32.33,7.5,10,1.585,0,420,1,0,True,True,False,False,False,False,True,False,False,False,True,False,True,False,False
31.92,3.125,1,3.04,2,200,5,0,False,True,False,False,False,False,False,False,False,False,False,True,True,True,False
24.83,2.75,8,2.25,6,184,601,1,True,True,False,False,False,True,False,False,False,False,True,True,False,True,False
21.92,0.54,14,0.04,1,840,60,1,True,False,False,False,False,True,False,False,False,False,True,True,True,True,False
34.25,3.0,13,7.415,0,0,1,1,True,True,False,False,False,False,False,False,True,False,True,False,True,True,False
51.83,3.0,1,1.5,0,180,5,0,True,False,False,False,False,False,False,False,False,False,False,False,False,True,False
31.57,1.5,1,0.0,2,200,106,0,False,True,False,False,False,False,False,False,False,False,False,True,True,True,False
38.42,0.705,8,0.375,2,225,501,0,True,True,False,False,False,True,False,False,False,False,False,True,False,True,False
39.17,1.71,14,0.125,5,480,1,1,True,True,False,False,False,True,False,False,False,False,True,True,True,True,False
18.17,2.46,8,0.96,2,160,588,0,True,True,False,False,False,False,False,True,False,False,False,True,True,True,False
39.0,5.0,13,3.5,10,0,1,1,True,True,False,False,False,True,False,False,False,False,True,True,True,True,False
20.0,11.045,8,2.0,0,136,1,0,True,True,False,False,False,True,False,False,False,False,False,False,True,True,False
32.75,2.335,2,5.75,0,292,1,0,True,True,False,False,False,False,False,False,True,False,False,False,True,True,False
18.58,5.71,2,0.54,0,120,1,0,True,True,False,False,False,True,False,False,False,False,False,False,False,True,False
15.83,7.625,11,0.125,1,0,161,0,False,True,False,False,False,True,False,False,False,False,False,True,True,True,False
39.33,5.875,13,10.0,14,399,1,1,True,True,False,False,False,False,False,False,True,False,True,True,True,True,False
19.58,0.665,9,1.665,0,220,6,0,False,True,False,False,False,True,False,False,False,False,False,False,False,True,False
21.33,10.5,8,3.0,0,0,1,1,True,True,False,False,False,True,False,False,False,False,True,False,True,True,False
22.67,0.75,8,2.0,2,200,395,0,False,True,False,False,False,True,False,False,False,False,False,True,True,True,False
25.67,3.25,8,2.29,1,416,22,0,True,True,False,False,False,False,False,False,True,False,False,True,True,True,False
21.08,10.085,10,1.25,0,260,1,0,True,False,False,False,False,False,False,False,True,False,False,False,False,True,False
49.0,1.5,5,0.0,0,100,28,0,False,True,False,False,True,False,False,False,False,False,True,False,True,True,False
20.67,5.29,11,0.375,1,160,1,0,True,True,False,False,False,True,False,False,False,False,True,True,False,True,False
19.67,0.21,11,0.29,11,80,100,1,False,True,False,False,False,False,False,False,True,False,True,True,False,True,False
21.83,0.25,2,0.665,0,0,1,1,True,True,False,False,False,False,False,False,True,False,True,False,True,True,False
26.83,0.54,4,0.0,0,100,1,0,True,True,False,False,False,False,False,False,False,False,False,False,False,True,False
38.58,5.0,13,13.5,0,980,1,0,False,True,False,False,False,True,False,False,False,False,True,False,True,True,False
50.08,12.54,6,2.29,3,156,1,1,False,True,False,False,False,True,False,False,False,False,True,True,True,True,False
15.75,0.375,8,1.0,0,120,19,0,False,True,False,False,False,True,False,False,False,False,False,False,False,True,False
24.5,12.75,8,4.75,2,73,445,1,False,True,False,False,False,False,True,False,False,False,True,True,False,True,False
21.0,4.79,9,2.25,1,80,301,1,True,False,False,False,False,True,False,False,False,False,True,True,True,True,False
22.08,11.0,13,0.665,0,100,1,1,True,True,False,False,False,True,False,False,False,False,True,False,False,True,False
54.58,9.415,1,14.415,11,30,301,1,True,True,False,False,False,False,False,False,False,False,True,True,True,True,False
18.08,5.5,4,0.5,0,80,1,1,True,True,False,False,False,True,False,False,False,False,True,False,False,True,False
36.67,4.415,4,0.25,10,320,1,1,True,False,False,False,False,True,False,False,False,False,True,True,True,True,False
38.17,10.125,14,2.5,6,520,197,1,True,True,False,False,False,True,False,False,False,False,True,True,False,True,False
21.83,1.54,4,0.085,0,356,1,0,True,True,False,False,False,True,False,False,False,False,False,False,True,True,False
51.92,6.5,3,3.085,0,73,1,0,False,True,False,False,False,False,True,False,False,False,False,False,True,True,False
22.17,2.25,3,0.125,0,160,11,0,True,True,False,False,False,True,False,False,False,False,False,False,False,True,False
52.42,1.5,2,3.75,0,0,351,0,True,True,False,False,False,True,False,False,False,False,False,False,True,True,False
60.92,5.0,6,4.0,4,0,100,1,False,True,False,False,False,True,False,False,False,False,True,True,False,True,False
20.17,5.625,9,1.71,0,120,1,1,True,True,False,False,False,True,False,False,False,False,True,False,False,False,False
23.25,4.0,8,0.25,0,160,1,1,True,True,False,False,False,False,True,False,False,False,True,False,True,True,False
36.17,0.42,9,0.29,0,309,3,0,True,False,False,False,False,True,False,False,False,False,False,False,True,True,False
42.25,1.75,8,0.0,0,150,2,0,False,False,False,False,False,True,False,False,False,False,False,False,True,True,False
23.58,0.835,3,0.085,0,220,6,0,True,True,False,False,False,False,False,False,True,False,False,False,True,True,False
36.0,1.0,8,2.0,11,0,457,1,False,True,False,False,False,True,False,False,False,False,True,True,False,True,False
39.58,5.0,1,0.0,2,17,2,0,True,True,False,False,False,False,False,False,False,False,False,True,False,True,False
18.83,4.415,8,3.0,0,240,1,1,False,False,False,False,False,False,False,False,True,False,True,False,False,True,False
27.25,0.625,6,0.455,0,200,1,0,True,True,False,False,False,True,False,False,False,False,True,False,True,True,False
32.42,3.0,2,0.165,0,120,1,0,True,True,False,False,False,True,False,False,False,False,False,False,True,True,False
19.42,1.5,13,2.0,0,100,21,0,True,False,False,False,False,True,False,False,False,False,True,False,True,True,False
22.58,10.75,11,0.415,5,0,561,1,False,True,False,False,False,True,False,False,False,False,True,True,True,True,False
39.92,6.21,11,0.04,1,200,301,1,True,True,False,False,False,True,False,False,False,False,True,True,False,True,False
22.67,0.165,8,2.25,0,0,1,1,True,True,False,False,True,False,False,False,False,False,False,False,True,False,False
23.42,0.79,11,1.5,2,80,401,1,False,False,False,False,False,True,False,False,False,False,True,True,True,True,False
30.0,5.29,10,2.25,5,99,501,1,False,True,False,True,False,False,False,False,False,False,True,True,True,True,False
40.33,7.54,11,8.0,14,0,2301,1,False,False,False,False,False,False,False,False,True,False,True,True,False,True,False
36.75,5.125,10,5.0,0,0,4001,1,False,True,False,False,False,True,False,False,False,False,True,False,True,True,False
31.0,2.085,8,0.085,0,300,1,0,True,True,False,False,False,True,False,False,False,False,False,False,False,True,False
25.17,2.875,14,0.875,0,360,1,1,False,True,False,False,False,False,False,False,True,False,True,False,False,True,False
27.42,12.5,6,0.25,0,720,1,0,True,True,False,False,False,False,True,False,False,False,False,False,True,True,False
31.57,4.0,14,5.0,3,290,2280,1,True,True,False,False,False,True,False,False,False,False,True,True,True,True,False
34.08,6.5,6,0.125,0,443,1,0,True,True,False,False,False,True,False,False,False,False,True,False,True,True,False
22.08,2.335,4,0.75,0,180,1,0,True,True,False,False,False,True,False,False,False,False,False,False,False,True,False
31.08,3.085,8,2.5,2,160,42,0,True,True,False,False,False,True,False,False,False,False,False,True,True,True,False
31.57,0.5,8,0.835,0,320,1,0,True,True,False,False,False,False,True,False,False,False,True,False,True,False,False
16.0,3.125,9,0.085,1,0,7,0,True,True,False,False,False,True,False,False,False,False,False,True,False,True,False
27.25,1.665,13,5.085,9,399,828,1,True,True,False,False,False,False,False,False,True,False,True,True,False,True,False
25.17,3.0,8,1.25,1,0,23,0,True,True,False,False,False,True,False,False,False,False,False,True,False,True,False
67.75,5.5,10,13.0,1,0,1,1,True,True,False,False,False,False,False,False,False,True,True,True,True,True,False
18.83,9.5,9,1.625,6,40,601,1,False,True,False,False,False,True,False,False,False,False,True,True,True,True,False
27.25,0.29,7,0.125,1,272,109,0,False,True,False,False,False,False,False,False,True,False,False,True,True,True,False
19.58,0.665,8,1.0,1,2000,3,0,False,False,False,False,False,True,False,False,False,False,False,True,False,True,False
30.75,1.585,2,0.585,0,0,1,0,True,True,False,False,False,True,False,False,False,False,False,False,True,False,False
50.25,0.835,6,0.5,0,240,118,0,False,True,False,False,False,True,False,False,False,False,False,False,True,True,False
31.08,1.5,9,0.04,0,160,1,0,True,False,False,False,False,True,False,False,False,False,False,False,False,False,False
51.58,15.0,8,8.5,9,0,1,1,True,True,False,False,False,True,False,False,False,False,True,True,False,True,False
36.58,0.29,1,0.0,10,200,19,0,False,True,False,False,False,False,False,False,False,False,False,True,False,True,False
33.58,2.75,7,4.25,6,204,1,1,True,True,False,False,False,True,False,False,False,False,True,True,False,True,False
20.83,3.0,6,0.04,0,100,1,1,False,True,False,False,False,True,False,False,False,False,True,False,False,True,False
36.17,18.125,9,0.085,0,320,3553,0,True,True,False,False,False,True,False,False,False,False,False,False,False,True,False
50.75,0.585,1,0.0,0,145,1,0,True,True,False,False,False,False,False,False,False,False,False,False,False,True,False
23.58,0.83,11,0.415,1,200,12,0,False,True,False,False,False,True,False,False,False,False,False,True,True,True,False
35.17,4.5,14,5.75,0,711,1,1,True,True,False,False,False,False,False,False,True,False,False,False,True,False,False
58.42,21.0,3,10.0,13,0,6701,1,False,True,False,False,False,False,True,False,False,False,True,True,False,True,False
28.25,0.875,7,0.96,3,396,1,1,True,True,False,False,False,True,False,False,False,False,True,True,True,True,False
31.57,0.625,4,0.25,0,380,2011,0,True,True,False,False,False,True,False,False,False,False,False,False,False,True,False
31.75,3.0,5,0.0,0,160,21,0,False,False,False,False,True,False,False,False,False,False,False,False,False,True,False
19.42,6.5,9,1.46,7,80,2955,1,True,True,False,False,False,False,False,False,True,False,True,True,False,True,False
39.08,6.0,7,1.29,5,108,1098,1,True,True,False,False,False,True,False,False,False,False,True,True,True,True,False
17.08,3.29,3,0.335,0,140,3,0,True,True,False,False,False,True,False,False,False,False,False,False,True,True,False
44.83,7.0,8,1.625,0,160,3,0,True,False,False,False,False,True,False,False,False,False,False,False,False,True,False
16.25,0.0,6,0.25,0,60,1,0,True,False,False,False,False,True,False,False,False,False,False,False,False,True,False
41.17,6.5,11,0.5,3,145,1,1,False,True,False,False,False,True,False,False,False,False,True,True,True,True,False
28.92,15.0,8,5.335,11,0,2284,1,True,True,False,False,False,False,False,False,True,False,True,True,False,True,False
26.17,2.0,5,0.0,0,276,2,0,False,True,False,False,True,False,False,False,False,False,False,False,True,True,False
38.58,3.335,9,4.0,14,383,1345,1,True,True,False,False,False,True,False,False,False,False,True,True,False,True,False
25.17,6.0,8,1.0,3,0,1,1,True,True,False,False,False,True,False,False,False,False,True,True,False,True,False
28.17,0.375,11,0.585,4,80,1,1,False,True,False,False,False,True,False,False,False,False,True,True,False,True,False
73.42,17.75,1,0.0,0,0,1,1,True,True,False,False,False,False,False,False,False,False,True,False,True,True,False
22.5,11.5,7,1.5,0,0,4001,0,True,False,False,False,False,True,False,False,False,False,False,False,True,True,False
27.17,1.25,1,0.0,1,92,301,0,False,True,False,False,False,False,False,False,False,False,False,True,False,True,False
19.17,8.585,13,0.75,7,96,1,1,False,True,False,False,False,False,False,False,True,False,True,True,False,True,False
25.58,0.0,8,0.0,0,184,1,1,False,True,False,False,False,True,False,False,False,False,False,False,False,False,True
31.57,0.04,2,4.25,0,460,1,0,True,False,False,False,False,True,False,False,False,False,False,False,True,True,False
22.5,8.5,11,1.75,10,80,991,0,False,True,False,False,False,True,False,False,False,False,True,True,False,True,False
22.92,1.25,11,0.25,0,120,810,0,False,True,False,False,False,True,False,False,False,False,False,False,True,True,False
23.25,12.625,8,0.125,2,0,5553,0,True,True,False,False,False,True,False,False,False,False,False,True,False,True,False
29.5,1.085,14,1.0,0,280,14,0,False,False,False,False,False,True,False,False,False,False,False,False,False,True,False
32.0,6.0,2,1.25,0,272,1,0,False,True,False,False,False,True,False,False,False,False,False,False,False,True,False
27.0,1.5,9,0.375,0,260,1066,1,True,False,False,False,False,True,False,False,False,False,True,False,True,True,False
19.33,10.915,8,0.585,2,200,8,0,True,True,False,False,False,False,True,False,False,False,False,True,True,True,False
35.75,2.415,9,0.125,2,220,2,0,True,True,False,False,False,True,False,False,False,False,False,True,False,True,False
18.83,0.0,11,0.665,0,160,2,0,True,True,False,False,False,True,False,False,False,False,False,False,False,True,False
28.75,3.75,8,1.085,1,371,1,1,False,True,False,False,False,True,False,False,False,False,True,True,True,True,False
34.42,4.25,3,3.25,2,274,611,1,True,True,False,False,False,False,True,False,False,False,True,True,False,True,False
33.25,3.0,6,2.0,0,180,1,0,False,False,False,False,False,True,False,False,False,False,False,False,False,True,False
53.92,9.625,10,8.665,5,0,1,1,True,True,False,False,False,True,False,False,False,False,True,True,False,True,False
25.25,1.0,6,0.5,0,200,1,0,True,True,False,False,False,True,False,False,False,False,False,False,False,True,False
32.42,2.165,4,0.0,0,120,1,0,True,False,False,False,False,False,False,False,False,False,False,False,False,True,False
21.08,5.0,1,0.0,0,0,1,0,False,False,False,False,False,False,False,False,False,False,False,False,False,True,False
56.5,16.0,5,0.0,15,0,248,1,False,True,False,False,False,False,False,False,False,False,True,True,False,True,False
32.25,0.165,8,3.25,1,432,8001,1,True,False,False,False,False,False,False,False,True,False,True,True,True,True,False
20.5,11.835,8,6.0,0,340,1,1,False,True,False,False,False,False,False,False,True,False,True,False,False,True,False
30.25,5.5,4,5.5,0,100,1,0,False,True,False,False,False,True,False,False,False,False,False,False,True,False,False
24.58,0.67,6,1.75,0,400,1,0,False,True,False,False,False,False,False,False,True,False,True,False,False,True,False
23.17,11.125,14,0.46,1,100,1,1,True,True,False,False,False,False,False,False,True,False,True,True,False,True,False
31.57,11.25,1,0.0,0,184,5201,0,False,True,False,False,False,False,False,False,False,False,False,False,False,True,False
32.33,0.54,13,0.04,0,440,11178,1,False,True,False,False,False,True,False,False,False,False,True,False,False,True,False
23.92,1.5,2,1.875,6,200,328,1,True,True,False,False,False,False,False,False,True,False,True,True,False,True,False
36.75,0.125,8,1.5,0,232,114,1,True,False,False,False,False,True,False,False,False,False,False,False,True,True,False
29.83,1.25,4,0.25,0,224,1,0,True,False,False,False,False,True,False,False,False,False,False,False,False,True,False
24.08,0.5,11,1.25,1,0,679,1,False,True,False,False,False,False,False,False,True,False,True,True,False,True,False
21.17,0.25,8,0.25,0,280,205,0,True,False,False,False,False,False,False,False,True,False,False,False,False,True,False
31.42,15.5,8,0.5,0,120,1,0,True,True,False,False,False,True,False,False,False,False,True,False,False,True,False
22.83,3.0,7,1.29,1,260,801,1,True,True,False,False,False,True,False,False,False,False,True,True,False,True,False
37.5,1.75,8,0.25,0,164,401,0,True,False,False,False,False,False,True,False,False,False,True,False,True,True,False
24.83,4.5,9,1.0,0,360,7,0,False,True,False,False,False,True,False,False,False,False,False,False,True,True,False
36.33,3.79,9,1.165,0,200,1,0,True,True,False,False,False,True,False,False,False,False,True,False,True,True,False
47.25,0.75,11,2.75,1,333,893,1,False,True,False,False,False,False,False,False,True,False,True,True,False,True,False
32.08,4.0,13,1.5,0,120,1,0,True,False,False,False,False,True,False,False,False,False,False,False,True,True,False
30.58,10.665,11,0.085,12,129,4,0,False,True,False,False,False,False,False,False,True,False,False,True,True,True,False
27.83,1.54,9,3.75,5,100,4,1,True,True,False,False,False,True,False,False,False,False,True,True,True,True,False
54.83,15.5,10,0.0,20,152,131,0,True,True,False,False,False,False,False,False,False,True,True,True,False,True,False
16.08,0.75,8,1.75,5,352,691,1,True,True,False,False,False,True,False,False,False,False,True,True,True,True,False
24.58,12.5,9,0.875,0,260,1,0,True,True,False,False,False,True,False,False,False,False,True,False,True,True,False
32.67,5.5,11,5.5,12,408,1001,1,True,True,False,False,False,False,False,False,True,False,True,True,True,True,False
30.17,0.5,8,1.75,11,32,541,1,True,True,False,False,False,True,False,False,False,False,True,True,False,True,False
22.25,0.46,4,0.125,0,280,56,0,True,True,False,False,False,True,False,False,False,False,False,False,True,True,False
41.75,0.96,14,2.5,0,510,601,1,True,True,False,False,False,True,False,False,False,False,True,False,False,True,False
36.67,2.0,3,0.25,0,221,1,0,True,True,False,False,False,True,False,False,False,False,False,False,True,True,False
25.83,12.835,13,0.5,0,0,3,0,True,True,False,False,False,True,False,False,False,False,False,False,False,True,False
29.92,1.835,8,4.335,0,260,201,1,True,True,False,False,False,False,False,False,True,False,True,False,False,True,False
20.08,0.25,11,0.125,0,200,1,0,True,True,False,False,False,True,False,False,False,False,False,False,False,True,False
19.67,0.375,11,2.0,2,80,1,1,True,True,False,False,False,True,False,False,False,False,True,True,True,True,False
51.42,0.04,14,0.04,0,0,3001,1,True,True,False,False,False,False,False,False,True,False,True,False,False,True,False
62.75,7.0,10,0.0,0,0,13,0,True,True,False,False,False,False,False,False,False,True,False,False,False,True,False
40.58,3.29,7,3.5,0,400,1,0,True,True,False,False,False,True,False,False,False,False,False,False,True,False,False
16.33,0.21,6,0.125,0,200,2,0,False,True,False,False,False,True,False,False,False,False,False,False,False,True,False
29.5,0.58,9,0.29,1,340,2804,0,True,True,False,False,False,True,False,False,False,False,False,True,False,True,False
34.0,4.5,6,1.0,0,240,1,0,True,True,False,False,False,True,False,False,False,False,True,False,True,True,False
71.58,0.0,8,0.0,0,184,1,1,False,True,False,False,False,True,False,False,False,False,False,False,False,False,True
42.0,0.205,3,5.125,0,400,1,1,True,True,False,False,False,False,False,False,True,False,True,False,False,True,False
22.5,11.0,11,3.0,0,268,1,0,False,False,False,False,False,True,False,False,False,False,True,False,True,True,False
24.42,2.0,10,0.165,2,320,1301,0,True,True,False,True,False,False,False,False,False,False,False,True,False,True,False
44.33,0.5,3,5.0,0,320,1,1,True,True,False,False,False,False,False,False,True,False,True,False,True,True,False
23.0,11.75,14,0.5,2,300,552,1,False,True,False,False,False,False,False,False,True,False,True,True,True,True,False
34.42,1.335,3,0.125,0,440,4501,0,True,True,False,False,False,False,True,False,False,False,False,False,True,True,False
23.08,11.5,3,3.5,9,56,743,1,True,True,False,False,False,True,False,False,False,False,True,True,False,True,False
25.92,0.875,4,0.375,2,174,4,0,True,True,False,False,False,True,False,False,False,False,False,True,True,True,False
17.58,9.0,6,1.375,0,0,1,1,False,True,False,False,False,True,False,False,False,False,True,False,True,True,False
20.42,1.085,11,1.5,0,108,8,0,True,True,False,False,False,True,False,False,False,False,False,False,False,True,False
31.67,16.165,2,3.0,9,250,731,1,True,True,False,False,False,True,False,False,False,False,True,True,False,True,False
57.58,2.0,1,6.5,1,0,11,0,False,True,False,False,False,False,False,False,False,False,False,True,False,True,False
59.67,1.54,11,0.125,0,260,1,1,True,True,False,False,False,True,False,False,False,False,True,False,True,True,False
65.17,14.0,1,0.0,11,0,1401,1,False,True,False,False,False,False,False,False,False,False,True,True,True,True,False
30.08,1.04,3,0.5,10,132,29,0,True,False,False,False,False,False,True,False,False,False,True,True,True,True,False
48.58,6.5,11,6.0,0,350,1,1,True,True,False,False,False,False,False,False,True,False,True,False,True,True,False
23.58,11.5,4,3.0,0,20,17,0,False,False,False,False,False,False,False,False,True,False,False,False,True,True,False
20.17,9.25,8,1.665,3,40,29,1,True,True,False,False,False,True,False,False,False,False,True,True,True,True,False
48.17,7.625,9,15.5,12,0,791,1,True,True,False,False,False,False,False,False,True,False,True,True,False,True,False
23.25,1.5,11,2.375,3,0,583,1,True,True,False,False,False,True,False,False,False,False,True,True,True,True,False
32.25,14.0,1,0.0,2,160,2,0,True,False,False,False,False,False,False,False,False,False,False,True,False,True,False
33.58,0.335,13,0.085,0,180,1,0,True,False,False,False,False,True,False,False,False,False,False,False,False,True,False
23.58,0.46,9,2.625,6,208,348,0,True,False,False,False,False,True,False,False,False,False,True,True,True,True,False
16.92,0.335,4,0.29,0,200,1,0,True,False,False,False,False,True,False,False,False,False,False,False,False,False,False
20.83,8.5,8,0.165,0,0,352,0,False,True,False,False,False,True,False,False,False,False,False,False,False,True,False
60.58,16.5,11,11.0,0,21,10562,1,False,True,False,False,False,True,False,False,False,False,True,False,True,True,False
31.57,5.0,6,8.5,0,0,1,0,True,False,False,False,False,True,False,False,False,False,True,False,False,True,False
25.0,12.33,13,3.5,6,400,459,1,False,True,False,False,False,False,False,False,True,False,True,True,False,True,False
21.5,9.75,8,0.25,0,140,1,0,True,True,False,False,False,True,False,False,False,False,True,False,False,True,False
20.42,0.0,8,0.0,0,184,1,0,True,True,False,False,False,True,False,False,False,False,False,False,False,False,True
25.25,13.5,1,2.0,1,200,2,0,False,False,False,False,False,False,False,False,False,False,False,True,True,True,False
42.83,4.625,11,4.58,0,0,1,1,True,True,False,False,False,True,False,False,False,False,True,False,False,False,False
26.67,1.75,8,1.0,5,160,5778,1,True,False,False,False,False,True,False,False,False,False,True,True,True,True,False
57.83,7.04,7,14.0,6,360,1333,1,True,True,False,False,False,True,False,False,False,False,True,True,True,True,False
55.92,11.5,1,5.0,5,0,8852,1,True,True,False,False,False,False,False,False,False,False,True,True,False,True,False
51.33,10.0,3,0.0,11,0,1250,1,True,True,False,False,False,False,True,False,False,False,True,True,False,True,False
39.83,0.5,7,0.25,0,288,1,0,True,True,False,False,False,True,False,False,False,False,True,False,False,False,False
27.58,2.04,6,2.0,3,370,561,1,True,False,False,False,False,True,False,False,False,False,True,True,True,True,False
30.17,6.5,13,3.125,8,330,1201,1,True,True,False,False,False,True,False,False,False,False,True,True,False,True,False
51.83,2.04,1,1.5,0,120,2,0,True,False,False,False,False,False,False,False,False,False,False,False,False,True,False
25.0,11.0,6,4.5,0,120,1,0,False,False,False,False,False,True,False,False,False,False,True,False,False,True,False
29.67,0.75,8,0.04,0,240,1,0,True,False,False,False,False,True,False,False,False,False,False,False,False,True,False
33.67,0.375,13,0.375,0,300,45,1,False,True,False,False,False,True,False,False,False,False,False,False,False,True,False
25.75,0.75,8,0.25,0,349,24,1,True,True,False,False,False,False,True,False,False,False,True,False,False,True,False
28.67,1.04,8,2.5,5,300,1431,1,False,True,False,False,False,True,False,False,False,False,True,True,True,True,False
18.08,0.375,13,10.0,0,300,1,1,False,False,True,False,False,False,False,False,False,False,False,False,True,False,False
20.42,7.0,8,1.625,3,200,1392,1,True,True,False,False,False,True,False,False,False,False,True,True,False,True,False
17.5,22.0,1,0.0,0,450,100001,1,True,False,True,False,False,False,False,True,False,False,False,False,True,False,True
18.08,6.75,7,0.04,0,140,1,0,True,False,False,False,False,True,False,False,False,False,False,False,False,True,False
47.67,2.5,7,2.5,12,410,2511,1,True,True,False,False,False,False,True,False,False,False,True,True,True,True,False
57.42,8.5,10,7.0,3,0,1,1,True,True,False,False,False,False,False,False,True,False,True,True,False,True,False
13.75,4.0,9,1.75,2,120,1001,1,True,False,False,False,False,True,False,False,False,False,True,True,True,True,False
19.33,9.5,11,1.0,0,60,401,1,True,True,False,False,False,True,False,False,False,False,True,False,True,True,False
21.92,11.665,4,0.085,0,320,6,0,False,True,False,False,False,False,False,False,True,False,False,False,False,True,False
17.58,10.0,9,0.165,1,120,2,0,True,True,False,False,False,False,False,False,True,False,False,True,False,True,False
34.83,2.5,9,3.0,0,200,1,0,True,False,False,False,False,True,False,False,False,False,False,False,False,False,False
29.17,3.5,9,3.5,3,329,1,0,True,True,False,False,False,True,False,False,False,False,True,True,True,True,False
21.42,0.75,12,0.75,0,132,3,0,True,False,False,False,False,False,False,True,False,False,False,False,True,True,False
18.17,10.25,8,1.085,0,320,14,0,True,True,False,False,False,False,False,False,True,False,False,False,False,True,False
28.0,3.0,9,0.75,0,300,68,0,True,True,False,False,False,True,False,False,False,False,False,False,True,True,False
45.83,10.5,11,5.0,7,0,1,1,False,True,False,False,False,True,False,False,False,False,True,True,True,True,False
22.75,11.5,3,0.415,0,0,1,0,True,True,False,False,False,True,False,False,False,False,False,False,False,True,False
31.57,3.5,2,3.0,0,300,1,0,False,True,False,False,False,True,False,False,False,False,True,False,True,True,False
20.42,7.5,4,1.5,1,160,235,1,False,True,False,False,False,True,False,False,False,False,True,True,False,True,False
21.25,2.335,3,0.5,4,80,1,1,False,True,False,False,False,False,True,False,False,False,True,True,False,False,False
26.67,4.25,13,4.29,1,120,1,1,True,True,False,False,False,True,False,False,False,False,True,True,True,True,False
27.33,1.665,1,0.0,0,340,2,0,False,True,False,False,False,False,False,False,False,False,False,False,False,True,False
42.08,1.04,9,5.0,6,500,10001,1,True,True,False,False,False,True,False,False,False,False,True,True,True,True,False
18.25,10.0,9,1.0,1,120,2,0,False,True,False,False,False,True,False,False,False,False,False,True,False,True,False
28.5,1.0,11,1.0,2,167,501,0,False,True,False,False,False,True,False,False,False,False,True,True,True,True,False
21.5,6.0,6,2.5,3,80,919,1,False,True,False,False,False,True,False,False,False,False,True,True,False,True,False
21.83,11.0,14,0.29,6,121,1,1,True,True,False,False,False,True,False,False,False,False,True,True,False,True,False
21.92,0.5,8,0.125,0,360,1,0,True,True,False,False,False,True,False,False,False,False,False,False,False,True,False
32.67,9.0,9,5.25,0,154,1,1,True,False,False,False,False,False,False,False,True,False,True,False,True,True,False
45.33,1.0,11,0.125,0,263,1,0,False,True,False,False,False,True,False,False,False,False,False,False,True,True,False
23.58,0.585,1,0.125,0,120,88,0,False,False,False,False,False,False,False,False,False,False,False,False,False,True,False
17.92,0.54,8,1.75,1,80,6,0,False,True,False,False,False,True,False,False,False,False,False,True,True,True,False
33.0,2.5,9,7.0,0,280,1,0,True,False,False,False,False,True,False,False,False,False,False,False,True,True,False
22.67,0.335,11,0.75,0,160,1,0,False,True,False,False,False,True,False,False,False,False,False,False,False,False,False
34.67,1.08,7,1.165,0,28,1,0,True,True,False,False,False,True,False,False,False,False,False,False,False,False,False
29.67,1.415,9,0.75,1,240,101,1,True,True,False,False,False,False,False,False,True,False,True,True,False,True,False
31.83,2.5,6,7.5,0,523,1,0,True,True,False,False,False,True,False,False,False,False,True,False,True,True,False
20.67,1.835,11,2.085,5,220,2504,1,False,True,False,False,False,True,False,False,False,False,True,True,False,True,False
33.75,2.75,3,0.0,0,180,1,0,True,True,False,False,False,False,True,False,False,False,False,False,False,True,False
22.08,0.83,8,2.165,0,128,1,1,True,True,False,False,False,False,False,False,True,False,False,False,True,True,False
35.42,12.0,11,14.0,8,0,6591,1,False,True,False,False,False,False,False,False,True,False,True,True,False,True,False
31.92,4.46,13,6.04,3,311,301,1,True,True,False,False,False,False,False,False,True,False,True,True,False,True,False
22.67,0.79,3,0.085,0,144,1,0,False,True,False,False,False,True,False,False,False,False,False,False,False,True,False
26.67,14.585,3,0.0,0,178,1,0,True,True,False,False,False,False,True,False,False,False,False,False,True,True,False
44.0,2.0,7,1.75,2,0,16,1,True,True,False,False,False,True,False,False,False,False,True,True,True,True,False
30.17,1.085,8,0.04,0,170,180,0,True,False,False,False,False,True,False,False,False,False,False,False,False,True,False
37.75,7.0,11,11.5,7,300,6,0,True,True,False,False,False,False,False,False,True,False,True,True,True,True,False
17.08,0.085,8,0.04,0,140,723,0,True,False,False,False,False,True,False,False,False,False,False,False,False,True,False
49.17,2.29,1,0.29,0,200,4,0,True,True,False,False,False,False,False,False,False,False,False,False,False,True,False
22.92,0.17,7,0.085,0,0,1,0,True,True,False,False,False,True,False,False,False,False,False,False,False,False,False
34.83,1.25,3,0.5,0,160,1,0,False,False,False,False,False,False,False,False,True,False,False,False,True,True,False
44.25,11.0,2,1.5,0,0,1,0,True,False,False,False,False,True,False,False,False,False,True,False,False,False,False
59.5,2.75,9,1.75,5,60,59,1,True,True,False,False,False,True,False,False,False,False,True,True,True,True,False
25.5,0.375,7,0.25,3,260,15109,1,True,True,False,False,False,True,False,False,False,False,True,True,False,True,False
41.58,1.04,6,0.665,0,240,238,0,False,True,False,False,False,True,False,False,False,False,False,False,False,True,False
49.58,19.0,1,0.0,1,94,1,0,True,True,False,False,False,False,False,False,False,False,True,True,False,True,False
33.92,1.585,1,0.0,0,320,1,0,False,False,False,False,False,False,False,False,False,False,True,False,False,True,False
19.17,4.0,3,1.0,0,360,1001,0,True,False,False,False,False,True,False,False,False,False,False,False,True,True,False
24.5,2.415,8,0.0,0,120,1,0,False,False,False,False,False,True,False,False,False,False,False,False,False,True,False
23.33,1.5,8,1.415,0,422,201,1,True,True,False,False,False,False,False,False,True,False,True,False,False,True,False
69.17,9.0,1,4.0,1,70,7,0,True,True,False,False,False,False,False,False,False,False,False,True,False,True,False
47.67,0.29,8,15.0,20,0,15001,1,True,True,False,False,False,False,True,False,False,False,True,True,False,True,False
33.25,2.5,8,2.5,0,0,3,0,False,False,False,False,False,True,False,False,False,False,False,False,True,True,False
43.25,3.0,11,6.0,11,80,1,1,True,True,False,False,False,False,False,False,True,False,True,True,False,True,False
23.0,0.625,6,0.125,0,180,2,0,True,False,False,False,False,True,False,False,False,False,True,False,False,True,False
34.75,2.5,13,0.5,0,348,1,0,True,True,False,False,False,False,True,False,False,False,False,False,False,True,False
56.58,18.5,2,15.0,17,0,1,1,True,True,False,False,False,False,True,False,False,False,True,True,True,True,False
44.17,6.665,11,7.375,3,0,1,1,False,True,False,False,False,True,False,False,False,False,True,True,True,True,False
44.33,0.0,8,2.5,0,0,1,1,False,True,False,False,False,True,False,False,False,False,True,False,False,True,False
34.25,1.75,9,0.25,0,163,1,0,True,True,False,False,False,False,True,False,False,False,True,False,True,True,False
45.0,4.585,4,1.0,0,240,1,0,False,True,False,False,False,False,False,False,True,False,False,False,True,False,False
30.58,2.71,7,0.125,0,80,1,0,True,False,False,False,False,True,False,False,False,False,False,False,True,False,False
27.67,0.75,11,0.165,0,220,252,0,True,True,False,False,False,False,False,False,True,False,False,False,True,True,False
19.42,7.25,7,0.04,1,100,2,0,True,True,False,False,False,True,False,False,False,False,False,True,False,True,False
41.33,1.0,3,2.25,0,0,301,1,False,True,False,False,False,False,True,False,False,False,True,False,True,True,False
23.5,1.5,9,0.875,0,160,1,0,False,True,False,False,False,True,False,False,False,False,False,False,True,True,False
31.67,0.83,14,1.335,8,303,3291,1,True,True,False,False,False,True,False,False,False,False,True,True,True,True,False
17.83,11.0,14,1.0,11,0,3001,1,False,True,False,False,False,False,False,False,True,False,True,True,False,True,False
33.17,2.25,13,3.5,0,200,142,0,False,False,False,False,False,True,False,False,False,False,False,False,True,True,False
52.5,7.0,6,3.0,0,0,1,0,False,True,False,False,False,False,False,False,True,False,False,False,False,True,False
25.42,1.125,11,1.29,2,200,1,0,False,True,False,False,False,True,False,False,False,False,True,True,False,True,False
40.58,1.5,3,0.0,0,300,1,0,True,True,False,False,False,False,True,False,False,False,False,False,False,False,False
23.92,0.585,13,0.125,0,240,2,0,True,False,False,False,False,False,False,False,True,False,False,False,False,True,False
56.0,12.5,4,8.0,0,24,2029,1,True,True,False,False,False,False,False,False,True,False,True,False,True,True,False
28.5,3.04,14,2.54,1,70,1,1,False,False,False,False,False,False,False,False,True,False,True,True,False,True,False
32.08,4.0,7,2.5,0,360,1,1,True,True,False,False,False,True,False,False,False,False,True,False,True,True,False
21.17,0.875,8,0.25,0,280,205,0,True,False,False,False,False,False,False,False,True,False,False,False,False,True,False
34.17,9.17,8,4.5,12,0,222,1,True,True,False,False,False,True,False,False,False,False,True,True,True,True,False
43.25,25.21,11,0.21,1,760,91,0,True,True,False,False,False,False,False,False,True,False,True,True,False,True,False
38.25,6.0,4,1.0,0,0,1,1,False,True,False,False,False,True,False,False,False,False,True,False,True,True,False
37.42,2.04,9,0.04,0,400,5801,1,True,True,False,False,False,True,False,False,False,False,True,False,True,True,False
29.83,2.04,14,0.04,0,128,2,0,True,False,False,False,False,False,False,False,True,False,False,False,False,True,False
37.33,2.665,13,0.165,0,0,502,0,True,True,False,False,False,True,False,False,False,False,False,False,True,True,False
31.33,19.5,8,7.0,16,0,5001,1,True,True,False,False,False,True,False,False,False,False,True,True,False,True,False
36.08,2.54,1,0.0,0,0,1001,0,True,True,False,False,False,False,False,False,False,False,False,False,False,True,False
20.5,2.415,8,2.0,11,200,3001,1,True,True,False,False,False,True,False,False,False,False,True,True,True,True,False
47.17,5.835,9,5.5,0,465,151,0,True,True,False,False,False,True,False,False,False,False,False,False,False,True,False
22.0,7.835,3,0.165,0,184,1,0,True,False,False,False,False,False,True,False,False,False,False,False,True,True,False
20.5,10.0,8,2.5,0,40,1,1,True,False,False,False,False,True,False,False,False,False,True,False,False,False,False
34.92,2.5,9,0.0,0,239,201,1,True,True,False,False,False,True,False,False,False,False,True,False,True,True,False
24.08,0.875,7,0.085,4,254,1951,0,True,True,False,False,False,True,False,False,False,False,False,True,False,True,False
37.33,6.5,7,4.25,12,93,1,1,True,True,False,False,False,False,False,False,True,False,True,True,True,True,False
20.75,9.54,3,0.04,0,200,1001,0,False,True,False,False,False,True,False,False,False,False,False,False,False,True,False
36.67,3.25,11,9.0,0,102,640,1,True,True,False,False,False,False,False,False,True,False,True,False,True,True,False
22.58,10.04,14,0.04,9,60,397,1,True,True,False,False,False,True,False,False,False,False,True,True,False,True,False
26.92,13.5,11,5.0,2,0,5001,1,False,True,False,False,False,False,False,False,True,False,True,True,False,True,False
46.67,0.46,13,0.415,11,440,7,1,False,True,False,False,False,False,False,False,True,False,True,True,True,True,False
52.17,0.0,1,0.0,0,0,1,0,False,False,False,False,False,False,False,False,False,False,False,False,False,True,False
39.17,2.5,3,10.0,0,200,1,0,True,False,False,False,False,False,False,False,True,False,False,False,True,False,False
39.17,1.625,8,1.5,10,186,4701,1,True,True,False,False,False,True,False,False,False,False,True,True,False,True,False
27.67,2.04,9,0.25,0,180,51,0,False,True,False,False,False,True,False,False,False,False,False,False,True,True,False
19.17,9.5,9,1.5,0,120,2207,1,True,True,False,False,False,True,False,False,False,False,True,False,False,True,False
39.5,4.25,8,6.5,16,117,1211,1,True,True,False,False,False,False,True,False,False,False,True,True,False,True,False
36.42,0.75,2,0.585,0,240,4,0,True,False,False,False,False,True,False,False,False,False,False,False,False,True,False
26.17,0.25,3,0.0,0,0,1,1,True,True,False,False,False,False,True,False,False,False,True,False,True,True,False
39.42,1.71,7,0.165,0,400,1,0,True,False,False,False,False,True,False,False,False,False,False,False,False,False,False
41.92,0.42,8,0.21,6,220,949,1,True,True,False,False,False,False,False,False,True,False,True,True,False,True,False
21.33,7.5,6,1.415,1,80,9801,1,True,True,False,False,False,True,False,False,False,False,True,True,False,True,False
20.08,1.25,8,0.0,0,0,1,0,False,True,False,False,False,True,False,False,False,False,False,False,False,True,False
27.58,3.0,7,2.79,1,280,11,0,False,True,False,False,False,True,False,False,False,False,False,True,True,True,False
21.58,0.79,13,0.665,0,160,1,0,True,False,False,False,False,True,False,False,False,False,False,False,False,True,False
28.25,5.125,14,4.75,2,420,8,1,True,True,False,False,False,True,False,False,False,False,True,True,False,True,False
26.92,2.25,3,0.5,0,640,4001,0,True,True,False,False,False,False,True,False,False,False,False,False,True,True,False
18.42,9.25,11,1.21,4,60,541,1,False,True,False,False,False,True,False,False,False,False,True,True,False,True,False
23.25,5.875,11,3.17,10,120,246,1,False,True,False,False,False,True,False,False,False,False,True,True,False,True,False
23.58,1.79,8,0.54,0,136,2,0,True,True,False,False,False,True,False,False,False,False,False,False,True,True,False
28.33,5.0,9,11.0,0,70,1,1,True,True,False,False,False,True,False,False,False,False,True,False,True,True,False
25.67,2.21,6,4.0,0,188,1,0,True,False,False,False,False,True,False,False,False,False,True,False,False,True,False
28.58,1.665,11,2.415,0,440,1,0,False,True,False,False,False,True,False,False,False,False,True,False,True,True,False
22.92,3.165,8,0.165,0,160,1059,0,True,False,False,False,False,True,False,False,False,False,False,False,False,True,False
24.5,1.04,1,0.5,3,180,148,0,False,False,False,False,False,False,False,False,False,False,True,True,False,True,False
24.75,0.54,7,1.0,0,120,2,0,True,True,False,False,False,True,False,False,False,False,False,False,True,True,False
32.0,1.75,10,0.04,0,393,1,1,True,False,False,False,False,False,False,False,True,False,True,False,True,True,False
48.08,3.75,3,1.0,0,100,3,0,True,True,False,False,False,False,True,False,False,False,False,False,False,True,False
28.42,3.5,9,0.835,0,280,1,1,False,True,False,False,False,True,False,False,False,False,True,False,False,False,False
25.42,0.54,9,0.165,1,272,445,0,True,True,False,False,False,True,False,False,False,False,False,True,False,True,False
18.58,10.29,1,0.415,0,80,1,0,True,True,False,False,False,False,False,False,False,False,False,False,False,True,False
21.67,1.165,4,2.5,1,180,21,0,True,False,False,False,False,True,False,False,False,False,True,True,False,True,False
24.58,1.25,8,0.25,0,110,1,0,True,True,False,False,False,True,False,False,False,False,False,False,False,True,False
16.33,4.085,3,0.415,0,120,1,0,True,True,False,False,False,False,False,False,True,False,False,False,True,True,False
26.75,2.0,2,0.75,0,80,1,0,True,True,False,False,False,True,False,False,False,False,False,False,True,True,False
48.17,3.5,6,3.5,0,230,1,1,True,True,False,False,False,True,False,False,False,False,True,False,False,False,False
23.5,2.75,1,4.5,0,160,26,0,True,True,False,False,False,False,False,False,False,False,False,False,False,True,False
41.0,2.04,11,0.125,23,455,1237,1,False,False,False,False,False,False,False,False,True,False,True,True,True,True,False
35.17,25.125,14,1.625,1,515,501,1,True,True,False,False,False,False,False,False,True,False,True,True,True,True,False
23.75,12.0,8,2.085,0,80,1,0,True,True,False,False,False,True,False,False,False,False,False,False,False,False,False
18.67,5.0,11,0.375,2,0,39,0,True,True,False,False,False,True,False,False,False,False,True,True,False,True,False
30.33,0.5,2,0.085,0,252,1,0,True,True,False,False,False,False,False,False,True,False,False,False,True,False,False
19.75,0.75,8,0.795,5,140,6,0,False,True,False,False,False,True,False,False,False,False,True,True,True,True,False
26.17,0.835,13,1.165,0,100,1,0,True,True,False,False,False,True,False,False,False,False,False,False,False,True,False
28.75,1.5,8,1.5,0,0,226,0,True,False,False,False,False,True,False,False,False,False,True,False,True,True,False
28.67,9.335,11,5.665,6,381,169,1,True,True,False,False,False,False,False,False,True,False,True,True,False,True,False
26.0,1.0,11,1.75,0,280,1,1,True,True,False,False,False,True,False,False,False,False,True,False,True,True,False
23.5,3.165,4,0.415,1,280,81,0,True,False,False,False,False,True,False,False,False,False,False,True,True,True,False
26.33,13.0,10,0.0,0,140,1111,0,True,True,False,True,False,False,False,False,False,False,False,False,True,True,False
54.33,6.75,8,2.625,11,0,285,1,True,True,False,False,False,False,False,False,True,False,True,True,True,True,False
31.57,0.375,2,0.875,0,928,1,0,True,True,False,False,False,True,False,False,False,False,True,False,True,False,False
25.25,12.5,2,1.0,0,180,1063,0,False,True,False,False,False,True,False,False,False,False,False,False,True,True,False
33.17,3.165,14,3.165,3,380,1,1,True,False,False,False,False,True,False,False,False,False,True,True,True,True,False
39.5,1.625,8,1.5,0,0,317,0,True,True,False,False,False,True,False,False,False,False,False,False,False,True,False
17.67,0.0,5,0.0,0,86,1,0,False,False,False,False,False,False,False,False,False,False,False,False,False,True,False
23.92,0.665,8,0.165,0,100,1,1,True,True,False,False,False,True,False,False,False,False,False,False,False,True,False
26.67,2.71,13,5.25,1,211,1,1,True,False,False,False,False,True,False,False,False,False,True,True,False,True,False
22.5,0.415,3,0.335,0,144,1,0,False,True,False,False,False,True,False,False,False,False,False,False,True,False,False
39.92,0.54,6,0.5,3,200,1001,1,True,False,False,False,False,True,False,False,False,False,True,True,False,True,False
26.08,8.665,6,1.415,0,160,151,1,False,True,False,False,False,True,False,False,False,False,True,False,False,True,False
20.0,0.0,2,0.5,0,144,1,0,True,True,False,False,False,True,False,False,False,False,False,False,False,True,False
31.57,4.0,3,0.085,0,411,1,0,True,False,False,False,False,True,False,False,False,False,False,False,True,True,False
26.75,4.5,8,2.5,0,200,1211,0,True,False,False,False,False,False,True,False,False,False,False,False,False,True,False
24.92,1.25,1,0.0,0,80,1,0,False,True,False,False,False,False,False,False,False,False,True,False,False,True,False
32.25,1.5,8,0.25,0,372,123,0,False,True,False,False,False,True,False,False,False,False,False,False,True,True,False
17.67,4.46,8,0.25,0,80,1,0,True,True,False,False,False,True,False,False,False,False,False,False,False,False,False
37.75,5.5,11,0.125,0,228,1,1,False,True,False,False,False,True,False,False,False,False,True,False,True,True,False
22.67,2.54,8,2.585,0,0,1,1,True,False,False,False,False,False,False,False,True,False,True,False,False,True,False
17.92,10.21,1,0.0,0,0,51,0,False,True,False,False,False,False,False,False,False,False,False,False,False,True,False
24.42,12.335,11,1.585,0,120,1,1,True,True,False,False,False,False,False,False,True,False,True,False,True,True,False
25.75,0.5,8,0.875,0,491,1,1,False,True,False,False,False,False,False,False,True,False,True,False,True,True,False
26.17,12.5,4,1.25,0,0,18,0,True,False,False,False,False,False,False,False,True,False,False,False,True,True,False
22.75,6.165,6,0.165,0,220,1001,0,False,True,False,False,False,True,False,False,False,False,False,False,False,True,False
23.0,0.75,7,0.5,0,320,1,0,True,True,False,False,False,True,False,False,False,False,True,False,True,False,False
25.67,0.29,8,1.5,0,160,1,0,True,False,False,False,False,True,False,False,False,False,False,False,True,True,False
48.58,0.205,4,0.25,11,380,2733,1,True,False,False,False,False,True,False,False,False,False,True,True,False,True,False
21.17,0.0,8,0.5,0,0,1,0,True,True,False,False,False,True,False,False,False,False,False,False,True,False,False
35.25,16.5,8,4.0,0,80,1,0,True,False,False,False,False,True,False,False,False,False,True,False,False,True,False
22.92,11.585,13,0.04,0,80,1350,1,False,True,False,False,False,True,False,False,False,False,True,False,False,True,False
48.17,1.335,3,0.335,0,0,121,0,False,True,False,False,False,False,False,True,False,False,False,False,False,True,False
43.0,0.29,13,1.75,8,100,376,1,True,False,False,False,False,False,False,False,True,False,True,True,False,True,False
31.57,10.5,14,6.5,0,0,1,1,True,True,False,False,False,True,False,False,False,False,True,False,False,True,False
20.67,0.415,8,0.125,0,0,45,0,True,True,False,False,False,True,False,False,False,False,False,False,False,True,False
18.83,9.54,6,0.085,0,100,1,1,False,True,False,False,False,True,False,False,False,False,True,False,False,True,False
27.42,14.5,14,3.085,1,120,12,1,False,True,False,False,False,False,False,False,True,False,True,True,False,True,False
41.0,0.04,10,0.04,1,560,1,1,True,True,False,False,False,True,False,False,False,False,False,True,False,False,False
